site,lag,greenup_comp,senescence_comp,roi,veg,year,gvf_sos,gvf_mos,gvf_dos,gvf_eos,gcc_sos,gcc_mos,gcc_dos,gcc_eos,ndvi_sos,ndvi_mos,ndvi_dos,ndvi_eos,gvf_vs_gcc_div,gvf_vs_gcc_gap,gvf_vs_gcc_dtw,gvf_vs_ndvi_div,gvf_vs_ndvi_gap,gvf_vs_ndvi_dtw,gcc_vs_ndvi_div,gcc_vs_ndvi_gap,gcc_vs_ndvi_dtw
willowcreek,3.0,3.4667,2.7778,willowcreek_DB_1000,DB,2024,112.0,164.0,249.0,324.0,126.0,141.0,259.0,286.0,109.0,148.0,237.0,333.0,1.6111086980991969,21.25,0.09325155524205411,0.7512674205011841,10.0,0.03698170621546984,1.7279028811121768,23.25,0.06718859539789092
lostcreek,44.0,2.2308,1.2529,lostcreek_WL_1000,WL,2024,119.0,177.0,231.0,340.0,123.0,149.0,213.0,300.0,75.0,177.0,221.0,329.0,1.6708436298192584,22.5,0.06370077267640117,1.1991664040566905,16.25,0.038452118342404765,2.0429026248648587,28.25,0.025045482007716
arsope3ltar,12.0,0.9216,0.8936,arsope3ltar_AG_1000,AG,2024,29.0,217.0,270.0,312.0,2.0,206.0,246.0,293.0,17.0,239.0,250.0,298.0,1.5040477825200682,20.25,0.0576192110914968,1.2535772718032565,17.0,0.03929155751754233,1.0958296923183468,14.25,0.07797254946120392
vallesmixedconifer,-4.0,2.9855,1.4587,vallesmixedconifer_EN_1000,EN,2024,1.0,207.0,207.0,366.0,81.0,150.0,251.0,360.0,5.0,248.0,248.0,365.0,3.4759296822846397,46.75,0.1366439679989254,1.6287406413464431,21.75,0.07516921277501454,3.3709626200782474,45.5,0.12096262007824728
STEI,52.0,5.0769,2.881,NEON.D05.STEI.DP1.00042_UN_1000,UN,2024,105.0,171.0,215.0,336.0,130.0,143.0,246.0,288.0,53.0,180.0,242.0,340.0,2.3896036799534843,33.0,0.03246082281062698,1.6790100198188438,23.0,0.036152876961701004,3.0655690943208436,42.5,0.029854808606557787
arsmorris2,69.0,0.7004,2.0526,arsmorris2_AG_1000,AG,2024,71.0,237.0,243.0,321.0,2.0,239.0,254.0,292.0,2.0,230.0,244.0,333.0,2.072291374103998,27.75,0.09014851696114055,1.6843192472810857,22.25,0.09503353299537162,1.136108626007882,15.0,0.0646800545793107
shalehillsczo,-20.0,2.0968,2.1549,shalehillsczo_DB_2000,DB,2024,90.0,155.0,192.0,345.0,106.0,137.0,233.0,304.0,110.0,161.0,227.0,309.0,2.087798884938436,29.0,0.016370313509864617,1.7635604858295126,24.25,0.031417628686655395,0.7266218162208594,9.75,0.030193244792288014
blackrockforest,-14.0,4.2,1.4792,blackrockforest_DB_1000,DB,2024,102.0,144.0,202.0,344.0,120.0,130.0,188.0,284.0,116.0,146.0,219.0,283.0,1.9435450078592433,26.5,0.05068786500210061,1.8256709109245404,23.5,0.14709948235311177,1.0048602231268944,13.0,0.0762887945554657
coweeta,-14.0,3.25,0.9803,coweeta_DB_2000,DB,2024,91.0,143.0,200.0,349.0,104.0,120.0,183.0,335.0,105.0,136.0,253.0,318.0,1.2497285049485436,16.75,0.053299933519972136,1.9093051274104,26.25,0.03430512741039996,1.9092994177836813,26.0,0.05215656064082397
russellsage,-16.0,2.6154,1.687,russellsage_DB_1000,DB,2024,65.0,133.0,172.0,366.0,77.0,103.0,250.0,365.0,81.0,102.0,113.0,365.0,2.1774884507456176,30.25,0.01677416503133178,2.123027683742201,26.75,0.21231339802791505,2.7282331864692266,35.5,0.192518900754941
uiefmiscanthus2,-33.0,5.069,3.087,uiefmiscanthus2_AG_1000,AG,2024,68.0,215.0,242.0,313.0,122.0,151.0,279.0,302.0,101.0,168.0,283.0,304.0,2.9929714713982736,41.5,0.028685757112559218,2.3548214256967634,32.5,0.03339285426819185,0.8270384457185501,11.0,0.04132416000426438
niwot3,-1.0,3.2072,0.1023,niwot3_EN_1000,EN,2024,1.0,357.0,357.0,366.0,75.0,186.0,243.0,331.0,2.0,296.0,296.0,365.0,7.2108672935212486,98.5,0.17515300780696308,2.36965978350139,31.0,0.15537406921567565,5.034236948008093,67.5,0.212808376579522
grca1pj,-35.0,0.0439,2.0444,grca1pj_EN_1000,EN,2024,3.0,13.0,182.0,366.0,17.0,245.0,261.0,351.0,38.0,120.0,211.0,365.0,6.226084682745579,85.0,0.15465611131700813,3.1500114744075804,43.0,0.078582902979009,3.828507248858785,52.5,0.07850724885878484
dangermondjalama,2.0,0.8936,3.2308,dangermondjalama_GR_1000,GR,2024,8.0,50.0,58.0,310.0,2.0,49.0,73.0,151.0,6.0,49.0,104.0,181.0,3.257014645448887,45.25,0.02487178830602988,3.2129213163749077,44.5,0.03434988780347942,1.188330691854683,16.25,0.027616406140397173
portal,34.0,1.122,3.1807,portal_SH_1000,SH,2024,47.0,93.0,102.0,366.0,182.0,223.0,236.0,319.0,13.0,32.0,197.0,365.0,8.093744814881163,111.5,0.12945910059544805,3.5722698745833177,47.75,0.16155558886903224,8.030394119626878,111.25,0.0839655481983081
sevmettswl,-48.0,2.275,1.5806,sevmettswl_SH_1000,SH,2024,136.0,227.0,239.0,288.0,173.0,213.0,255.0,286.0,184.0,194.0,197.0,365.0,1.3001811946789272,17.25,0.06803833753607008,3.7055797067428675,50.0,0.13415113531429576,3.1107457229076143,41.75,0.12860286576475716
blueoakheadquarters,3.0,1.3649,10.4783,blueoakheadquarters_GR_1000,GR,2024,10.0,111.0,125.0,366.0,12.0,86.0,125.0,148.0,7.0,87.0,131.0,169.0,4.449210541322201,61.25,0.074210541322201,4.186966534418339,57.5,0.07982367727548179,0.6149470725772981,8.25,0.025661358291583832
luckyhills,11.0,1.0087,0.6923,luckyhills_SH_4000,SH,2024,13.0,246.0,246.0,300.0,2.0,233.0,240.0,318.0,2.0,77.0,77.0,365.0,0.9258277428529654,12.0,0.06868488571010838,7.502406201462814,103.5,0.10954905860567112,6.619590555178826,91.5,0.08387626946454048
OKSR,-153.0,0.0,5.4324,NEON.D18.OKSR.DP1.20002_TN_1000,TN,2024,1.0,1.0,153.0,354.0,162.0,181.0,211.0,248.0,154.0,178.0,217.0,281.0,9.167168812863112,126.25,0.14931167000596907,8.451636469125368,116.75,0.11235075483965572,0.9495574611661155,12.5,0.056700318308972625
