rank,site,lag,greenup_comp,senescence_comp,roi,veg,year,source,golden_candidate,spin_up,combined_div,combined_gap,combined_dtw,gvf_vs_ndvi_div,gvf_vs_ndvi_gap,gvf_vs_ndvi_dtw,gvf_vs_gcc_div,gvf_vs_gcc_gap,gvf_vs_gcc_dtw,gcc_vs_ndvi_div,gcc_vs_ndvi_gap,gcc_vs_ndvi_dtw,gvf_sos,gvf_mos,gvf_dos,gvf_eos,gcc_sos,gcc_mos,gcc_dos,gcc_eos,ndvi_sos,ndvi_mos,ndvi_dos,ndvi_eos
1,blackrockforest,-1.0,1.5417,1.0577,blackrockforest_DB_1000,DB,2023,GoldenSites_2023,True,False,0.5532767033854256,7.25,0.0354195605282826,0.5533385051871011,7.25,0.0354813623299582,0.55321490158375,7.25,0.035357758726607,0.697704795139392,9.5,0.0191333665679633,113.0,150.0,221.0,331.0,113.0,137.0,216.0,320.0,114.0,151.0,238.0,321.0
2,SRER,15.0,0.6667,1.0513,NEON.D14.SRER.DP1.00033_SH_1000,SH,2024,GBOV_2024,False,False,0.7083926675603236,9.125,0.0566069532746092,0.743644118460855,9.75,0.0472155470322835,0.6731412166597921,8.5,0.0659983595169349,0.2994101750016752,3.75,0.0315530321445323,39.0,79.0,79.0,366.0,19.0,79.0,92.0,365.0,24.0,89.0,92.0,365.0
3,robinson2,-1.0,2.8235,0.8311,robinson2_DB_1000,DB,2023,GoldenSites_2023,True,False,0.9194241027180202,12.5,0.0265669598608773,0.6705892326896048,9.0,0.0277320898324618,1.1682589727464356,16.0,0.0254018298892928,1.0358395009664867,14.0,0.0358395009664867,95.0,143.0,226.0,349.0,98.0,115.0,197.0,345.0,96.0,126.0,234.0,339.0
4,HARV,-5.0,4.3333,0.7886,NEON.D01.HARV.DP1.00033_DB_1000,DB,2024,GBOV_2024,True,False,1.0190316868152802,13.75,0.036888829672423046,0.8214349208416272,11.0,0.0357206351273414,1.2166284527889333,16.5,0.0380570242175047,0.9292296424435196,12.5,0.0363724995863765,115.0,167.0,229.0,326.0,128.0,140.0,211.0,334.0,120.0,150.0,243.0,334.0
5,bigtraillake,11.0,1.3051,1.1039,bigtraillake_EN_1000,EN,2023,GoldenSites_2023,False,False,1.039067815958845,13.75,0.05692495881598765,1.0979141699459083,14.5,0.0621998842316223,0.9802214619717816,13.0,0.051650033400353,0.3978094099881025,4.5,0.076380838559531,118.0,195.0,218.0,303.0,105.0,164.0,224.0,301.0,107.0,154.0,222.0,305.0
6,willowcreek,-4.0,3.3077,2.36,willowcreek_DB_1000,DB,2023,GoldenSites_2023,True,False,1.0393892082004,13.625,0.06617492248611415,0.721060057122572,9.75,0.0246314856940006,1.3577183592782278,17.5,0.1077183592782277,1.1706971269266613,15.25,0.0814114126409471,116.0,159.0,247.0,306.0,128.0,141.0,244.0,269.0,120.0,150.0,229.0,298.0
7,BART,3.0,5.7778,1.5902,NEON.D01.BART.DP1.00033_DB_1000,DB,2024,GBOV_2024,True,False,1.1269263456798626,15.25,0.03764063139414815,0.812158499172777,10.75,0.0443013563156341,1.4416941921869482,19.75,0.0309799064726622,1.1990543859288465,16.0,0.0561972430717037,115.0,167.0,229.0,326.0,130.0,139.0,235.0,296.0,112.0,154.0,246.0,316.0
8,morganmonroe2,14.0,2.1,0.6304,morganmonroe2_DB_1000,DB,2023,GoldenSites_2023,True,False,1.1434386744275353,15.625,0.027367245856106552,0.7812147449143121,10.5,0.031214744914312,1.5056626039407583,20.75,0.0235197467979011,1.9110521544734929,26.25,0.0360521544734929,98.0,140.0,253.0,340.0,93.0,113.0,202.0,340.0,84.0,144.0,248.0,321.0
9,willowcreek,3.0,3.4667,2.7778,willowcreek_DB_1000,DB,2024,GoldenSites_2024,True,False,1.1811880593001904,15.625,0.06511663072876195,0.7512674205011841,10.0,0.0369817062154698,1.6111086980991969,21.25,0.0932515552420541,1.7279028811121768,23.25,0.0671885953978909,112.0,164.0,249.0,324.0,126.0,141.0,259.0,286.0,109.0,148.0,237.0,333.0
10,dukehw,-5.0,2.4138,0.8803,dukehw_DB_1000,DB,2023,GoldenSites_2023,True,False,1.2521087841828262,17.125,0.0288944984685404,0.9580033165593854,13.0,0.0294318879879568,1.546214251806267,21.25,0.028357108949124,0.8912054237406276,12.25,0.0162054237406276,69.0,139.0,243.0,346.0,72.0,101.0,214.0,331.0,74.0,117.0,239.0,325.0
11,arkansaswhitaker,17.0,1.4194,1.1667,arkansaswhitaker_AG_1000,AG,2023,GoldenSites_2023,False,False,1.342080051843515,18.25,0.03850862327208625,1.4122980374552885,19.25,0.0372980374552884,1.2718620662317413,17.25,0.0397192090888841,0.506761422401722,6.5,0.0424757081160076,131.0,175.0,227.0,283.0,131.0,162.0,203.0,251.0,114.0,164.0,205.0,256.0
12,arsope3ltar,12.0,0.9216,0.8936,arsope3ltar_AG_1000,AG,2024,GoldenSites_2024,False,False,1.3788125271616622,18.625,0.04845538430451955,1.2535772718032565,17.0,0.0392915575175423,1.5040477825200682,20.25,0.0576192110914968,1.0958296923183468,14.25,0.0779725494612039,29.0,217.0,270.0,312.0,2.0,206.0,246.0,293.0,17.0,239.0,250.0,298.0
13,lostcreek,44.0,2.2308,1.2529,lostcreek_WL_1000,WL,2024,GoldenSites_2024,False,False,1.4350050169379744,19.375,0.05107644550940291,1.1991664040566905,16.25,0.0384521183424047,1.6708436298192584,22.5,0.0637007726764011,2.0429026248648587,28.25,0.025045482007716,119.0,177.0,231.0,340.0,123.0,149.0,213.0,300.0,75.0,177.0,221.0,329.0
14,DELA,-4.0,3.4375,0.8954,NEON.D08.DELA.DP1.00033_DB_1000,DB,2024,GBOV_2024,True,False,1.5241659891254176,20.875,0.03309456055398875,1.8370692794951344,25.25,0.0334978509237059,1.2112626987557005,16.5,0.0326912701842716,2.150398455278711,29.75,0.025398455278711,71.0,126.0,152.0,366.0,79.0,95.0,126.0,365.0,75.0,107.0,229.0,365.0
15,cafcookeastltar01,-4.0,5.0,3.5625,cafcookeastltar01_AG_1000,AG,2023,GoldenSites_2023,False,False,1.5660340647229902,21.5,0.0303197790087043,1.1842385746613215,16.25,0.0235242889470357,1.9478295547846587,26.75,0.0371152690703729,1.1391571260625937,15.5,0.0320142689197362,108.0,178.0,186.0,243.0,119.0,133.0,181.0,197.0,112.0,146.0,171.0,229.0
16,coweeta,-14.0,3.25,0.9803,coweeta_DB_2000,DB,2024,GoldenSites_2024,True,False,1.579516816179472,21.5,0.043802530465186,1.9093051274104,26.25,0.0343051274103999,1.2497285049485436,16.75,0.0532999335199721,1.9092994177836813,26.0,0.0521565606408239,91.0,143.0,200.0,349.0,104.0,120.0,183.0,335.0,105.0,136.0,253.0,318.0
17,BART,-3.0,8.875,1.3452,NEON.D01.BART.DP1.00033_DB_1000,DB,2023,GBOV_2023,True,False,1.596217263649503,21.875,0.033717263649502796,1.442934892404528,19.75,0.0322206066902421,1.7494996348944778,24.0,0.0352139206087635,1.5478358524681732,21.25,0.0299787096110303,101.0,172.0,221.0,334.0,125.0,133.0,219.0,303.0,104.0,156.0,255.0,308.0
18,SCBI,-11.0,3.8333,1.931,NEON.D02.SCBI.DP1.00033_DB_1000,DB,2023,GoldenSites_2023,True,False,1.6576522504746283,22.875,0.0237236790460569,1.4207437856198486,19.5,0.0278866427627057,1.894560715329408,26.25,0.0195607153294081,0.5740196818949551,7.75,0.0204482533235265,78.0,147.0,237.0,349.0,87.0,105.0,261.0,319.0,89.0,117.0,248.0,323.0
19,ORNL,-43.0,5.5238,1.044,NEON.D07.ORNL.DP1.00033_DB_1000,DB,2024,GBOV_2024,True,False,1.8394906663321886,25.0,0.0537763806179028,1.7058618126000942,23.25,0.0451475268858084,1.973119520064283,26.75,0.0624052343499972,0.523006041478094,7.0,0.023006041478094,43.0,159.0,235.0,330.0,87.0,108.0,231.0,322.0,86.0,122.0,224.0,328.0
20,mandani2,-52.0,2.6176,1.8852,mandani2_AG_1000,AG,2023,GoldenSites_2023,False,False,1.860020960404145,25.5,0.03859238897557375,1.7269387861344492,23.75,0.0305102147058777,1.9931031346738413,27.25,0.0466745632452698,0.3685255888041125,4.5,0.047097017375541,103.0,192.0,223.0,338.0,156.0,190.0,230.0,291.0,155.0,188.0,226.0,302.0
21,arsmorris2,69.0,0.7004,2.0526,arsmorris2_AG_1000,AG,2024,GoldenSites_2024,False,False,1.8783053106925416,25.0,0.09259102497825605,1.6843192472810855,22.25,0.0950335329953716,2.072291374103998,27.75,0.0901485169611405,1.136108626007882,15.0,0.0646800545793107,71.0,237.0,243.0,321.0,2.0,239.0,254.0,292.0,2.0,230.0,244.0,333.0
22,blackrockforest,-14.0,4.2,1.4792,blackrockforest_DB_1000,DB,2024,GoldenSites_2024,True,False,1.8846079593918916,25.0,0.09889367367760615,1.8256709109245404,23.5,0.1470994823531117,1.9435450078592431,26.5,0.0506878650021006,1.0048602231268944,13.0,0.0762887945554657,102.0,144.0,202.0,344.0,120.0,130.0,188.0,284.0,116.0,146.0,219.0,283.0
23,shalehillsczo,-20.0,2.0968,2.1549,shalehillsczo_DB_2000,DB,2024,GoldenSites_2024,True,False,1.9256796853839744,26.625,0.02389397109825995,1.7635604858295126,24.25,0.0314176286866553,2.087798884938436,29.0,0.0163703135098646,0.7266218162208594,9.75,0.030193244792288,90.0,155.0,192.0,345.0,106.0,137.0,233.0,304.0,110.0,161.0,227.0,309.0
24,BLUE,-16.0,2.4062,1.5514,NEON.D11.BLUE.DP1.20002_DB_1000,DB,2023,GoldenSites_2023,True,False,1.9321551071077043,26.625,0.030369392821990047,1.976033379012922,27.25,0.0296048075843506,1.8882768352024868,26.0,0.0311339780596295,1.1474634437501716,15.75,0.0224634437501715,61.0,138.0,199.0,365.0,78.0,110.0,234.0,341.0,77.0,139.0,261.0,335.0
25,uiefmiscanthus2,-18.0,3.5625,1.7317,uiefmiscanthus2_AG_1000,AG,2023,GoldenSites_2023,False,False,2.0137323451892093,27.875,0.0226609166177806,1.900955020829185,26.25,0.0259550208291849,2.126509669549234,29.5,0.0193668124063763,0.643942334332229,8.75,0.018942334332229,94.0,208.0,241.0,312.0,126.0,158.0,274.0,315.0,112.0,166.0,272.0,326.0
26,ninemileprairie,41.0,4.36,0.6771,ninemileprairie_DB_2000,DB,2023,GoldenSites_2023,True,False,2.017311812301595,27.75,0.03516895515873825,1.9563136952160611,26.75,0.0455994095017753,2.0783099293871294,28.75,0.0247385008157012,2.0082160156876423,27.5,0.0439303014019281,101.0,210.0,227.0,292.0,116.0,141.0,218.0,314.0,60.0,170.0,237.0,308.0
27,sweetbriar,-11.0,3.8889,0.6792,sweetbriar_DB_1000,DB,2023,GoldenSites_2023,True,False,2.032496867882913,27.875,0.0414254393114844,1.89430803167029,25.75,0.0550223173845758,2.170685704095536,30.0,0.027828561238393,2.4370486771907856,33.25,0.0620486771907854,74.0,144.0,208.0,352.0,86.0,104.0,153.0,365.0,85.0,110.0,251.0,337.0
28,STEI,52.0,5.0769,2.881,NEON.D05.STEI.DP1.00042_UN_1000,UN,2024,GoldenSites_2024,False,False,2.034306849886164,28.0,0.03430684988616395,1.6790100198188438,23.0,0.036152876961701,2.3896036799534843,33.0,0.0324608228106269,3.0655690943208436,42.5,0.0298548086065577,105.0,171.0,215.0,336.0,130.0,143.0,246.0,288.0,53.0,180.0,242.0,340.0
29,KONA,-65.0,3.8696,1.6957,NEON.D06.KONA.DP1.00033_AG_1000,AG,2023,GBOV_2023,False,False,2.034694703518026,28.125,0.02576613208945485,2.189103155473674,30.25,0.0283888697593883,1.8802862515623784,26.0,0.0231433944195214,0.4721210205550248,6.25,0.0256924491264533,94.0,183.0,215.0,293.0,163.0,186.0,226.0,272.0,159.0,199.0,233.0,271.0
30,coweeta,-26.0,3.64,0.6089,coweeta_DB_2000,DB,2023,GoldenSites_2023,True,False,2.103588348262324,28.875,0.0410883482623243,1.6303146092070406,22.25,0.0410288949213264,2.576862087317608,35.5,0.0411478016033222,2.481254502089881,34.25,0.0348259306613095,68.0,159.0,236.0,345.0,97.0,122.0,163.0,342.0,94.0,141.0,257.0,321.0
31,DELA,-9.0,2.7188,0.6123,NEON.D08.DELA.DP1.00033_DB_1000,DB,2023,GBOV_2023,True,False,2.141372807138339,29.625,0.02530137856691065,1.7020948377880556,23.5,0.023523409216627,2.5806507764886226,35.75,0.0270793479171943,2.471499171826272,34.25,0.0250706003977004,51.0,138.0,211.0,350.0,63.0,95.0,138.0,365.0,60.0,104.0,255.0,357.0
32,russellsage,-16.0,2.6154,1.687,russellsage_DB_1000,DB,2024,GoldenSites_2024,True,False,2.150258067243909,28.5,0.11454378152962334,2.123027683742201,26.75,0.212313398027915,2.1774884507456176,30.25,0.0167741650313317,2.728233186469226,35.5,0.192518900754941,65.0,133.0,172.0,366.0,77.0,103.0,250.0,365.0,81.0,102.0,113.0,365.0
33,ONAQ,24.0,1.3521,0.6497,NEON.D15.ONAQ.DP1.00033_SH_1000,SH,2024,GBOV_2024,False,False,2.1572914939514316,29.375,0.059077208237145754,2.5603444568537843,34.75,0.0782015997109271,1.754238531049079,24.0,0.0399528167633644,2.6809407409053336,36.75,0.0559407409053335,43.0,139.0,139.0,267.0,42.0,113.0,113.0,310.0,19.0,143.0,152.0,365.0
34,CPER,16.0,1.9143,1.1553,NEON.D10.CPER.DP1.00033_GR_1000,GR,2023,GBOV_2023,False,False,2.1952294788485425,30.375,0.02558662170568505,2.127256339199145,29.25,0.0379706249134302,2.26320261849794,31.5,0.0132026184979399,0.6610205295058212,8.75,0.0360205295058212,121.0,188.0,194.0,313.0,115.0,150.0,161.0,264.0,105.0,154.0,158.0,282.0
35,shalehillsczo,-9.0,1.1475,2.8167,shalehillsczo_DB_2000,DB,2023,GoldenSites_2023,True,False,2.311404630445826,31.5,0.0614046304458255,2.318924734336829,31.5,0.0689247343368292,2.303884526554822,31.5,0.0538845265548218,0.9447178295476554,12.0,0.0875749724047983,98.0,168.0,187.0,356.0,94.0,155.0,243.0,303.0,107.0,175.0,251.0,310.0
36,ONAQ,83.0,1.1765,2.2429,NEON.D15.ONAQ.DP1.00033_SH_1000,SH,2023,GBOV_2023,False,False,2.344746801460129,31.75,0.076889658602986,2.7017354438083516,36.5,0.0945925866654944,1.9877581591119065,27.0,0.0591867305404776,4.454176093051865,60.5,0.1327475216232943,85.0,145.0,208.0,365.0,79.0,130.0,230.0,300.0,2.0,167.0,167.0,365.0
37,usgseros,87.0,3.6333,1.0694,usgseros_DB_2000,DB,2023,GoldenSites_2023,True,False,2.3666860910133374,32.5,0.0452575195847661,2.748495835414649,37.5,0.0699244068432207,1.9848763466120256,27.5,0.0205906323263115,3.6808869125064154,50.5,0.073744055363558,90.0,199.0,226.0,303.0,112.0,142.0,213.0,285.0,3.0,170.0,227.0,336.0
38,MOAB,-33.0,0.6203,2.5385,NEON.D13.MOAB.DP1.00033_GR_1000,GR,2024,GBOV_2024,False,False,2.3676518985531336,32.0,0.0819376128388476,2.319664660665997,31.5,0.069664660665997,2.41563913644027,32.5,0.0942105650116982,4.6332095024894,64.0,0.0617809310608287,31.0,178.0,239.0,305.0,2.0,239.0,247.0,273.0,64.0,168.0,179.0,328.0
39,sevmettswl,-48.0,2.275,1.5806,sevmettswl_SH_1000,SH,2024,GoldenSites_2024,False,False,2.5028804507108973,33.625,0.10109473642518285,3.705579706742867,50.0,0.1341511353142957,1.3001811946789272,17.25,0.06803833753607,3.1107457229076143,41.75,0.1286028657647571,136.0,227.0,239.0,288.0,173.0,213.0,255.0,286.0,184.0,194.0,197.0,365.0
40,uiefmiscanthus2,-33.0,5.069,3.087,uiefmiscanthus2_AG_1000,AG,2024,GoldenSites_2024,False,False,2.6738964485475183,37.0,0.031039305690375503,2.354821425696763,32.5,0.0333928542681918,2.9929714713982736,41.5,0.0286857571125592,0.8270384457185501,11.0,0.0413241600042643,68.0,215.0,242.0,313.0,122.0,151.0,279.0,302.0,101.0,168.0,283.0,304.0
41,ORNL,-17.0,3.8182,3.2273,NEON.D07.ORNL.DP1.00033_DB_1000,DB,2023,GBOV_2023,True,False,2.740896457755132,36.25,0.1516107434694174,2.5881998268681987,32.5,0.2667712554396272,2.893593088642065,40.0,0.0364502314992076,0.8125272893255582,8.0,0.2410987178969867,68.0,152.0,207.0,349.0,84.0,106.0,258.0,302.0,85.0,113.0,246.0,314.0
42,turkeypointdbf,85.0,4.2143,0.5134,turkeypointdbf_DB_2000,DB,2023,GoldenSites_2023,True,False,3.0984296951129773,42.875,0.0359296951129771,3.737040192744886,51.75,0.0406116213163149,2.459819197481068,34.0,0.0312477689096393,5.978024486337286,83.25,0.0315959149087145,97.0,156.0,241.0,337.0,127.0,141.0,155.0,342.0,12.0,158.0,343.0,355.0
43,dangermondjalama,2.0,0.8936,3.2308,dangermondjalama_GR_1000,GR,2024,GoldenSites_2024,False,False,3.2349679809118976,44.875,0.029610838054754597,3.2129213163749077,44.5,0.0343498878034794,3.257014645448887,45.25,0.0248717883060298,1.188330691854683,16.25,0.0276164061403971,8.0,50.0,58.0,310.0,2.0,49.0,73.0,151.0,6.0,49.0,104.0,181.0
44,segawhitepockets,4.0,2.36,0.3154,segawhitepockets_GR_1000,GR,2023,GoldenSites_2023,False,False,3.374749417830328,45.625,0.11582084640175644,2.817845749993422,38.5,0.0678457499934222,3.9316530856672336,52.75,0.1637959428100907,1.8442997778091013,24.75,0.0764426349519585,80.0,139.0,273.0,314.0,97.0,122.0,140.0,270.0,76.0,127.0,152.0,331.0
45,TALL,74.0,0.373,1.3298,NEON.D08.TALL.DP1.00033_EN_1000,EN,2023,GBOV_2023,False,False,3.3899601078280726,46.5,0.06853153639950085,4.098530142706698,56.25,0.080672999849555,2.681390072949447,36.75,0.0563900729494467,1.4766843414233666,19.5,0.0838271985662237,76.0,145.0,212.0,337.0,31.0,216.0,243.0,337.0,2.0,248.0,248.0,349.0
46,HARV,-5.0,,0.7902,NEON.D01.HARV.DP1.00033_DB_1000,DB,2023,GBOV_2023,True,False,3.4131175323347422,47.0,0.0559746751918849,1.4350588935374968,19.25,0.0600588935374968,5.391176171131987,74.75,0.051890456846273,6.263044494298283,87.0,0.0487587800125683,101.0,172.0,221.0,334.0,2.0,2.0,212.0,355.0,106.0,158.0,266.0,321.0
47,KONA,15.0,1.9242,0.6242,NEON.D06.KONA.DP1.00033_AG_1000,AG,2024,GBOV_2024,False,False,3.646290024205519,50.25,0.05700430991980475,3.814256985494747,52.75,0.0463998426376041,3.478323062916291,47.75,0.0676087772020054,0.7539404517700041,9.5,0.0753690231985755,35.0,162.0,221.0,314.0,42.0,108.0,128.0,277.0,20.0,110.0,119.0,272.0
48,arsope3ltar,-16.0,0.4323,7.8,arsope3ltar_AG_1000,AG,2023,GoldenSites_2023,False,False,3.680825165020594,50.625,0.0647537364491653,3.521324556894997,48.5,0.0570388426092826,3.840325773146191,52.75,0.072468630289048,0.9066584505963482,12.25,0.0316584505963481,68.0,151.0,215.0,332.0,68.0,260.0,273.0,288.0,84.0,239.0,262.0,289.0
49,ecb4,47.0,4.625,0.2743,ecb4_AG_1000,AG,2023,GoldenSites_2023,False,False,4.014764180713736,54.75,0.10404989499944985,2.7697877285476937,37.5,0.0912162999762652,5.259740632879778,72.0,0.1168834900226345,5.153219312754365,71.5,0.0460764556115075,49.0,197.0,250.0,315.0,80.0,112.0,128.0,365.0,2.0,224.0,224.0,365.0
50,luckyhills,11.0,1.0087,0.6923,luckyhills_SH_4000,SH,2024,GoldenSites_2024,False,False,4.21411697215789,57.75,0.0891169721578897,7.502406201462814,103.5,0.1095490586056711,0.9258277428529654,12.0,0.0686848857101083,6.619590555178826,91.5,0.0838762694645404,13.0,246.0,246.0,300.0,2.0,233.0,240.0,318.0,2.0,77.0,77.0,365.0
51,blueoakheadquarters,3.0,1.3649,10.4783,blueoakheadquarters_GR_1000,GR,2024,GoldenSites_2024,False,False,4.3180885378702705,59.375,0.07701710929884135,4.186966534418339,57.5,0.0798236772754817,4.449210541322201,61.25,0.074210541322201,0.6149470725772981,8.25,0.0256613582915838,10.0,111.0,125.0,366.0,12.0,86.0,125.0,148.0,7.0,87.0,131.0,169.0
52,JORN,76.0,0.3714,0.6275,NEON.D14.JORN.DP1.00033_GR_1000,GR,2024,GBOV_2024,False,False,4.348706585768451,58.75,0.1522780143398793,5.147916592621528,70.25,0.1300594497643847,3.549496578915374,47.25,0.1744965789153739,3.7354275881931622,51.0,0.0925704453360196,78.0,156.0,237.0,333.0,2.0,212.0,212.0,365.0,2.0,110.0,110.0,365.0
53,TALL,75.0,0.2995,2.6548,NEON.D08.TALL.DP1.00033_EN_1000,EN,2024,GBOV_2024,False,False,4.522385348243375,62.625,0.04917106252909005,3.9370037227979746,54.25,0.0620037227979746,5.1077669736887765,71.0,0.0363384022602055,1.5724578475359898,21.25,0.0546007046788471,77.0,139.0,143.0,366.0,11.0,218.0,278.0,362.0,2.0,197.0,226.0,365.0
54,macleish,-3.0,1.6176,2.963,macleish_DB_1000,DB,2023,GoldenSites_2023,True,False,4.613742050758007,62.125,0.1762420507580068,4.410898471554039,59.0,0.1966127572683245,4.816585629961975,65.25,0.1558713442476891,0.9937655131087624,13.25,0.0473369416801911,106.0,161.0,203.0,363.0,102.0,136.0,140.0,194.0,109.0,141.0,170.0,183.0
55,grca1pj,-35.0,0.0439,2.0444,grca1pj_EN_1000,EN,2024,GoldenSites_2024,False,False,4.68804807857658,64.0,0.11661950714800855,3.1500114744075804,43.0,0.078582902979009,6.226084682745579,85.0,0.1546561113170081,3.828507248858785,52.5,0.0785072488587848,3.0,13.0,182.0,366.0,17.0,245.0,261.0,351.0,38.0,120.0,211.0,365.0
56,JORN,58.0,0.363,1.5591,NEON.D14.JORN.DP1.00033_GR_1000,GR,2023,GBOV_2023,False,False,5.576704291595657,75.75,0.1659900058813707,6.019614845422233,82.5,0.1267577025650898,5.13379373776908,69.0,0.2052223091976516,7.972290447659779,109.5,0.1508618762312071,60.0,158.0,194.0,339.0,2.0,272.0,272.0,365.0,2.0,53.0,53.0,365.0
57,portal,34.0,1.122,3.1807,portal_SH_1000,SH,2024,GoldenSites_2024,False,False,5.83300734473224,79.625,0.14550734473224008,3.5722698745833177,47.75,0.1615555888690322,8.093744814881163,111.5,0.129459100595448,8.030394119626878,111.25,0.0839655481983081,47.0,93.0,102.0,366.0,182.0,223.0,236.0,319.0,13.0,32.0,197.0,365.0
58,CPER,81.0,0.2405,7.5357,NEON.D10.CPER.DP1.00033_GR_1000,GR,2024,GBOV_2024,False,False,6.496777767585358,90.125,0.059277767585357403,6.472251390047076,89.5,0.0793942471899329,6.521304145123639,90.75,0.0391612879807819,10.015251098058128,139.25,0.0688225266295569,83.0,140.0,155.0,366.0,2.0,239.0,246.0,274.0,2.0,2.0,17.0,365.0
59,STER,79.0,,,NEON.D10.STER.DP1.00033_AG_1000,AG,2023,GBOV_2023,False,False,8.887995974459404,122.5,0.12358266046584145,8.887995974459404,122.5,0.1379959744594044,,,0.1091693464722785,,,0.0897884370851981,81.0,172.0,176.0,231.0,,,,,2.0,35.0,35.0,98.0
