site,veg,lat,lon,water_frac,urban_frac,total_flags,flags_2023,flags_2024,flagged_in,gvf_vs_ndvi_div_2023,gcc_vs_ndvi_div_2023,gvf_vs_gcc_div_2023,gvf_vs_ndvi_div_2024,gcc_vs_ndvi_div_2024,gvf_vs_gcc_div_2024
homesteadsprings,AG,37.2009,-92.9937,0.0003,0.0059,5,5,0,"2024:{} 2023:{NDVI:MOS(-75), NDVI:EOS(+38), GCC:MOS(-126), GCC:MOS(-126), GCC:DOS(-69)}",3.22585786582222,3.5854492536950087,4.39258297253279,,,
archboldpnot,AG,27.187948,-81.200345,0.0,0.0021,4,4,0,"2024:{} 2023:{NDVI:MOS(+82), NDVI:DOS(+89), NDVI:EOS(-47), GCC:EOS(-47)}",5.203334623223177,0.8013686375012942,4.451147971169495,,,
arsope3ltar,AG,39.0309,-76.8442,0.0006,0.0414,4,4,0,"2024:{} 2023:{NDVI:MOS(-88), NDVI:DOS(-47), GCC:MOS(-109), GCC:DOS(-58)}",3.521324556894997,0.9066584505963482,3.840325773146191,,,
ecb4,AG,41.1796,-83.0604,0.0042,0.0072,4,4,0,"2024:{} 2023:{NDVI:EOS(-50), GCC:MOS(+85), GCC:DOS(+122), GCC:EOS(-50)}",2.7697877285476937,5.153219312754365,5.259740632879778,,,
harvardfarmnorth,AG,42.520465,-72.182242,0.0001,0.005,1,1,0,2024:{} 2023:{NDVI:DOS(+74)},2.3484999989958566,0.7428945060232822,2.0775460041913156,,,
uiefmiscanthus2,AG,40.0628,-88.1984,0.0003,0.0263,1,0,1,2024:{NDVI:DOS(-41)} 2023:{},,,,2.354821425696763,0.8270384457185501,2.9929714713982736
JERC,DB,31.194839,-84.468623,0.0032,0.0015,8,6,2,"2024:{NDVI:MOS(-26), GCC:MOS(-34)} 2023:{NDVI:MOS(+83), NDVI:MOS(+77), GCC:MOS(+95), GCC:MOS(-38), GCC:MOS(+85), GCC:EOS(+36)}",2.3635748153302414,0.93844808892485,2.5316010639776665,1.5604336283280629,0.3906790806545273,1.9458950396805907
hubbardbrook,DB,43.9438,-71.701,0.0117,0.0194,8,0,8,"2024:{NDVI:SOS(-66), NDVI:SOS(-65), NDVI:MOS(+47), NDVI:MOS(+46), GCC:SOS(-77), GCC:SOS(-77), GCC:MOS(+62), GCC:MOS(+61)} 2023:{}",,,,2.5828600768286543,1.0751043735906027,3.215032063119905
harvardfarmsouth,DB,42.522466,-72.182339,0.0001,0.0046,6,0,6,"2024:{NDVI:SOS(-112), NDVI:MOS(-83), NDVI:DOS(-50), NDVI:EOS(+42), GCC:SOS(-109), GCC:DOS(+79)} 2023:{}",,,,2.9749376768440197,1.779625808970001,4.325802546968156
sedgwick2,DB,34.7012,-120.037,0.0,0.0015,6,0,6,"2024:{NDVI:SOS(-74), NDVI:MOS(-35), NDVI:EOS(-194), GCC:SOS(-65), GCC:MOS(-28), GCC:EOS(-57)} 2023:{}",,,,6.377767430253657,3.31189287891615,3.02098810652018
thompsonfarmfluxtower,DB,43.1084,-70.9519,0.0142,0.0055,5,0,5,"2024:{NDVI:SOS(-76), NDVI:MOS(-48), GCC:SOS(-76), GCC:MOS(-83), GCC:DOS(-79)} 2023:{}",,,,4.353589919466035,1.0296034529776623,5.274885531738436
witnesstree,DB,42.53556197,-72.18956997,0.0011,0.0037,4,2,2,"2024:{NDVI:SOS(+54), NDVI:MOS(-41)} 2023:{NDVI:SOS(+113), NDVI:MOS(-131)}",5.723330795750163,5.257962553646938,1.553292388679449,3.08614798833161,3.722485003222826,1.383311885426432
BLAN,DB,39.033698,-78.041788,0.0254,0.0029,3,3,0,"2024:{} 2023:{NDVI:SOS(-38), NDVI:EOS(+49), GCC:DOS(-71)}",2.531065865228616,0.665910172607752,3.0214251713764595,,,
HARV,DB,42.536911,-72.17265,0.0005,0.0031,2,2,0,"2024:{} 2023:{GCC:SOS(+99), GCC:MOS(+162)}",1.2303955181763386,6.263044494298283,5.298804134624395,,,
macleish,DB,42.4484,-72.6804,0.0185,0.0008,2,2,0,"2024:{} 2023:{NDVI:EOS(+180), GCC:EOS(+169)}",4.410898471554039,0.9937655131087624,4.816585629961975,,,
ninemileprairie,DB,40.86801886,-96.822080664,0.0028,0.0102,2,2,0,"2024:{} 2023:{NDVI:SOS(+41), GCC:MOS(+69)}",1.9563136952160611,2.0082160156876423,2.0783099293871294,,,
russellsage,DB,32.456961,-91.974322,0.0022,0.0,2,0,2,"2024:{NDVI:DOS(+59), GCC:DOS(-78)} 2023:{}",,,,2.123027683742201,2.728233186469226,2.1774884507456176
tfforest,DB,43.1086,-70.9505,0.0139,0.0057,2,2,0,"2024:{} 2023:{NDVI:SOS(+55), NDVI:MOS(-47)}",4.033231347746422,3.77604006013958,0.6451808348689063,,,
usgseros,DB,43.7343,-96.6234,0.0029,0.0092,2,2,0,"2024:{} 2023:{NDVI:SOS(+87), NDVI:EOS(-33)}",2.748495835414649,3.6808869125064154,1.9848763466120256,,,
turkeypointdbf,DB,42.6353,-80.5576,0.0015,0.0024,1,1,0,2024:{} 2023:{NDVI:SOS(+85)},3.737040192744886,5.978024486337286,2.459819197481068,,,
SJER,EN,37.10878,-119.73228,0.0039,0.0109,2,0,2,"2024:{NDVI:EOS(-204), GCC:EOS(-204)} 2023:{}",,,,4.64037438718773,0.6039136323069295,4.468713657423978
huyckpreserveny,EN,42.5266,-74.1587,0.0238,0.0046,2,0,2,"2024:{GCC:SOS(+107), GCC:DOS(+56)} 2023:{}",,,,3.460787087501126,3.435830476597699,4.13928899303333
rosalia,EN,47.7027,16.3015,0.0,0.0075,2,2,0,"2024:{} 2023:{NDVI:DOS(-93), GCC:DOS(+44)}",4.94036300366946,4.428910515504055,2.1784910985099386,,,
bartlettir,EN,44.0646,-71.2881,0.0035,0.0114,1,1,0,2024:{} 2023:{NDVI:DOS(-144)},5.258687833046556,4.667707792889012,1.511249188312955,,,
canadaOBS,EN,53.98717,-105.11779,0.0008,0.0051,1,1,0,2024:{} 2023:{NDVI:EOS(-70)},3.9540777150423096,3.2800176191236075,1.7368546006132473,,,
ettenheim1,EN,48.2685,7.8782,0.0,0.0298,1,0,1,2024:{GCC:SOS(-31)} 2023:{},,,,3.9884314551462583,4.347379838446076,2.0315690450396584
grca1pj,EN,36.0241,-112.2211,0.0,0.0,1,0,1,2024:{GCC:MOS(-232)} 2023:{},,,,3.1500114744075804,3.828507248858785,6.226084682745579
segabluechute,EN,35.5876,-111.9716,0.0002,0.0034,1,1,0,2024:{} 2023:{NDVI:EOS(-70)},2.4529767196855943,2.0183331214623954,1.51444205331188,,,
CPER,GR,40.81553,-104.7456,0.0008,0.0001,2,0,2,"2024:{GCC:MOS(-99), GCC:DOS(-91)} 2023:{}",,,,6.472251390047076,10.015251098058128,6.521304145123639
JORN,GR,32.59068,-106.84254,0.0,0.0,2,1,1,2024:{GCC:MOS(-56)} 2023:{GCC:MOS(-114)},6.019614845422233,7.972290447659779,5.13379373776908,5.147916592621528,3.7354275881931622,3.549496578915374
blueoakheadquarters,GR,37.3827,-121.7393,0.0034,0.0004,2,0,2,"2024:{NDVI:EOS(+197), GCC:EOS(+218)} 2023:{}",,,,4.186966534418339,0.6149470725772981,4.449210541322201
cperuvb,GR,40.8055764,-104.7558542,0.0008,0.0003,2,0,2,"2024:{GCC:MOS(-108), GCC:DOS(-90)} 2023:{}",,,,2.0519093079415045,5.485667316364249,6.635590758684898
dangermondjalama,GR,34.5163,-120.458,0.0,0.0006,2,0,2,"2024:{NDVI:EOS(+129), GCC:EOS(+159)} 2023:{}",,,,3.2129213163749077,1.188330691854683,3.257014645448887
jergrassland2,GR,32.5849,-106.8261,0.0,0.0,2,0,2,"2024:{GCC:MOS(+115), GCC:DOS(+150)} 2023:{}",,,,3.9784671900647433,2.4809697679027365,6.150084820209891
segabluechute6,GR,35.58759,-111.97115,0.0002,0.0034,2,0,2,"2024:{NDVI:EOS(+199), GCC:EOS(+203)} 2023:{}",,,,4.722039256053222,0.3894977035968912,4.518528638605608
sevmveblack23redinc,GR,34.3355,-106.7271,0.0,0.0,2,0,2,"2024:{GCC:MOS(+179), GCC:DOS(+191)} 2023:{}",,,,11.119616912967947,3.3483514996945685,9.16942376777425
sevmveblack29ambinc,GR,34.3352,-106.7274,0.0,0.0,2,0,2,"2024:{GCC:MOS(+158), GCC:DOS(+170)} 2023:{}",,,,9.413712126446097,0.6394886514429874,9.031990695089272
sevmveblack30ambamb,GR,34.3352,-106.7272,0.0,0.0,2,2,0,"2024:{} 2023:{GCC:MOS(+144), GCC:DOS(+144)}",4.638889989669225,3.5326729126676635,6.886320718210665,,,
gumpenstein,GR,47.4939,14.1008,0.0012,0.0598,1,0,1,2024:{GCC:DOS(-62)} 2023:{},,,,2.015767610628322,1.2977436799899291,2.861894732609625
gumpenstein2,GR,47.4938,14.1009,0.0012,0.0598,1,0,1,2024:{GCC:DOS(-66)} 2023:{},,,,1.6479998031075749,1.7599719880531484,2.901417197951035
sevilletagrass,GR,34.360444,-106.700186,0.0,0.0,1,0,1,2024:{GCC:MOS(-82)} 2023:{},,,,4.514986843645259,2.630786897615863,3.189087558597996
sevmveblack24redinc,GR,34.3354,-106.727,0.0,0.0,1,1,0,2024:{} 2023:{GCC:MOS(+125)},4.061646405768315,1.5798607354787897,5.55607282326791,,,
sevmveblack25redamb,GR,34.3354,-106.7275,0.0,0.0,1,1,0,2024:{} 2023:{GCC:SOS(-118)},3.058469383029403,2.9415277329892753,3.119293924466339,,,
sevmveblack27redinc,GR,34.3353,-106.7272,0.0,0.0,1,0,1,2024:{GCC:MOS(+86)} 2023:{},,,,9.248810704148696,5.1563212879543485,5.1705005204267485
sevmveblack28ambinc,GR,34.3353,-106.7275,0.0,0.0,1,1,0,2024:{} 2023:{GCC:MOS(-75)},4.3672025231755525,5.6933929755631825,4.125328447904956,,,
ONAQ,SH,40.177599,-112.452452,0.0,0.0009,14,13,1,"2024:{NDVI:EOS(+139)} 2023:{NDVI:SOS(+79), NDVI:SOS(+83), NDVI:MOS(+115), NDVI:MOS(-196), NDVI:DOS(+176), NDVI:DOS(-148), GCC:SOS(-5), GCC:SOS(-5), GCC:MOS(+0), GCC:MOS(+2), GCC:DOS(-34), GCC:EOS(+75), GCC:EOS(+40)}",6.722112272995124,8.777498088002918,2.11086633702964,6.818300880306758,5.812514155943774,1.9859917287515572
ibp,SH,32.589,-106.847,0.0,0.0,7,2,5,"2024:{NDVI:DOS(+183), NDVI:EOS(+262), GCC:MOS(+116), GCC:DOS(+225), GCC:EOS(+262)} 2023:{GCC:MOS(+93), GCC:MOS(+93)}",2.6462044590984446,3.1222802504435125,4.62426152975669,10.76876125375568,1.719635254665113,12.28969621666586
srm,SH,31.8214,-110.8661,0.0,0.0,5,3,2,"2024:{NDVI:SOS(-55), GCC:MOS(+112)} 2023:{NDVI:MOS(+112), GCC:MOS(+119), GCC:EOS(-63)}",4.1711705632345755,1.1929674630367202,5.1659123374073825,3.5192635000171895,1.8276135004911136,5.0357588661839205
jershrubland2,SH,32.6638,-106.831,0.0,0.0,4,2,2,"2024:{NDVI:EOS(+184), GCC:EOS(+184)} 2023:{NDVI:EOS(+155), GCC:EOS(+138)}",3.962141017115699,0.8921400761542784,4.103094671047966,4.889154224383501,2.49941096197196,4.489062605883866
amtsvenn,SH,52.176,6.955,0.0055,0.0098,3,3,0,"2024:{} 2023:{NDVI:MOS(-45), GCC:MOS(-57), GCC:DOS(-63)}",4.185291023845184,1.7154098882026525,4.645383055096323,,,
jernovel,SH,32.6335,-106.8334,0.0,0.0,3,2,1,"2024:{GCC:MOS(+48)} 2023:{NDVI:DOS(-66), GCC:DOS(-27)}",1.548991262789937,2.586659329708581,2.0715965531310383,2.765266570833644,2.42870458695651,2.976846596188067
portal,SH,31.9385,-109.0823,0.0,0.0002,3,0,3,"2024:{GCC:SOS(-135), GCC:MOS(-130), GCC:DOS(-134)} 2023:{}",,,,3.5722698745833177,8.030394119626878,8.093744814881163
sevilletashrub,SH,34.334956,-106.744469,0.0,0.0,3,3,0,"2024:{} 2023:{NDVI:SOS(+41), GCC:SOS(+26), GCC:MOS(+262)}",1.7690262061236133,0.6349784205037223,1.1876885024145298,,,
SRER,SH,31.91068,-110.83549,0.0,0.0031,2,0,2,"2024:{GCC:MOS(-150), GCC:DOS(-166)} 2023:{}",,,,0.8523216580221544,6.6527908300130845,7.490974817367194
sevmetdpwl,SH,34.3592,-106.6911,0.0,0.0,2,0,2,"2024:{NDVI:SOS(-95), GCC:MOS(-98)} 2023:{}",,,,4.833958175959024,2.0448874697764494,4.130583745337844
sevmvecreo19redamb,SH,34.3386,-106.739,0.0,0.0,2,2,0,"2024:{} 2023:{NDVI:SOS(-163), GCC:SOS(-176)}",3.442418501782409,0.9538098101687184,4.079906339532506,,,
sevmvecreo20redinc,SH,34.3386,-106.739,0.0,0.0,2,1,1,2024:{NDVI:DOS(+189)} 2023:{GCC:SOS(-174)},3.8015403922625057,1.720604277677671,4.23605787063684,9.688626820594672,8.250443154503385,1.487984502761339
sevmvecreo22ambinc,SH,34.3386,-106.739,0.0,0.0,2,2,0,"2024:{} 2023:{NDVI:SOS(-177), GCC:SOS(-179)}",4.227595265443021,0.3666885845628568,4.261186019150834,,,
sevmvecreo5ambinc,SH,34.3384,-106.739,0.0,0.0,2,2,0,"2024:{} 2023:{NDVI:SOS(-177), GCC:SOS(-177)}",3.926325130358413,0.2286870939447971,3.9700346263722057,,,
sevmvecreo6ambamb,SH,34.3383,-106.7389,0.0,0.0,2,1,1,2024:{NDVI:DOS(+162)} 2023:{GCC:SOS(-178)},3.958000480200156,2.8084835255407143,4.348590169447741,8.52408035688927,7.878156456152019,0.6797928805217035
sevmvecreo9ambamb,SH,34.3381,-106.7385,0.0,0.0,2,2,0,"2024:{} 2023:{NDVI:DOS(+83), GCC:SOS(-178)}",5.993908148883171,4.33109142174758,4.165883890951154,,,
jershrubland,SH,32.6502,-106.8334,0.0,0.0,1,1,0,2024:{} 2023:{GCC:DOS(-42)},0.8332420875186928,2.858646790982851,2.635146528806259,,,
luckyhills,SH,31.743896,-110.052023,0.0,0.0137,1,0,1,2024:{NDVI:DOS(+169)} 2023:{},,,,7.502406201462814,6.619590555178826,0.9258277428529654
sevmettswl,SH,34.3104,-106.6844,0.0,0.0,1,0,1,2024:{NDVI:SOS(-48)} 2023:{},,,,3.705579706742867,3.1107457229076143,1.3001811946789272
sevmvecreo1redinc,SH,34.3382,-106.7392,0.0,0.0,1,1,0,2024:{} 2023:{GCC:SOS(-177)},3.5932219621559907,3.3952541679583192,4.773666473612014,,,
sevmvecreo21redinc,SH,34.3386,-106.739,0.0,0.0,1,1,0,2024:{} 2023:{GCC:SOS(-178)},4.321405737316281,1.8703673394759703,4.5089112994552805,,,
sevmvecreo23ambinc,SH,34.3386,-106.739,0.0,0.0,1,1,0,2024:{} 2023:{GCC:SOS(-177)},3.688881168945126,2.0028519707248393,4.409789922221224,,,
sevmvecreo24ambamb,SH,34.3386,-106.739,0.0,0.0,1,1,0,2024:{} 2023:{GCC:SOS(-176)},3.99605393438485,2.1938111878170927,4.189344384296014,,,
sevmvecreo2redinc,SH,34.3382,-106.7391,0.0,0.0,1,1,0,2024:{} 2023:{NDVI:DOS(+83)},6.0176643274477355,3.0142325901397355,3.1404308954890054,,,
sevmvecreo3redamb,SH,34.3382,-106.7389,0.0,0.0,1,1,0,2024:{} 2023:{GCC:SOS(-178)},3.3940517784603332,2.693650316054812,4.651298995008609,,,
sevmvecreo4ambinc,SH,34.3384,-106.7392,0.0,0.0,1,1,0,2024:{} 2023:{GCC:SOS(-178)},4.241320926389531,2.124081876126731,4.69194067210409,,,
sevmvecreo8ambinc,SH,34.3381,-106.7387,0.0,0.0,1,1,0,2024:{} 2023:{GCC:SOS(-178)},3.2493325355645455,2.5188093841348516,5.14318733509182,,,
ABBY,UN,45.76243,-122.33033,0.0,0.0006,4,4,0,"2024:{} 2023:{NDVI:MOS(-41), NDVI:DOS(-116), NDVI:EOS(-46), GCC:SOS(-79)}",2.745354181789384,3.244983989807684,3.142034481502564,,,
TALL,UN,32.95047,-87.393259,0.0002,0.0001,4,3,1,"2024:{GCC:DOS(-135)} 2023:{NDVI:DOS(+48), GCC:SOS(+2), GCC:MOS(-71)}",1.573696422221262,0.4737446772492232,1.4233620296206546,3.9370037227979746,1.5724578475359898,5.1077669736887765
BONA,UN,65.15401,-147.50258,0.0002,0.0,1,0,1,2024:{NDVI:MOS(+39)} 2023:{},,,,2.0815937597502105,2.0097554158167013,1.019680601957464
GRSM,UN,35.68896,-83.50195,0.0,0.0106,1,0,1,2024:{GCC:DOS(+61)} 2023:{},,,,0.6730777354747464,1.1409067307482983,1.7042388715476184
MLBS,UN,37.378314,-80.524847,0.0024,0.0002,1,0,1,2024:{NDVI:EOS(+46)} 2023:{},,,,2.18272476439289,0.8558846172547849,2.972868605888086
montebondonepeat,WL,46.0177,11.0409,0.0,0.0036,3,2,1,"2024:{GCC:EOS(+115)} 2023:{NDVI:SOS(-42), GCC:SOS(-72)}",1.9183429529306817,1.778835280893309,3.682601343341072,2.3198502536056433,1.9387058307217353,3.70895314514852
KING,WL,39.10506,-96.60336,0.0003,0.0089,1,1,0,2024:{} 2023:{GCC:SOS(-1)},0.8795950578959635,1.1905843271364058,1.2198221461002403,,,
laclaflamme,WL,47.322678,-71.121453,0.0134,0.0011,1,1,0,2024:{} 2023:{NDVI:MOS(-29)},2.184041485609611,2.3092827829614175,2.53664847285202,,,
